Actuator Type,Fail Action,Stem Dia,Yoke Boss dia,Actuator size,Effective Area,Travel,sMin,sMax,Spring Rate,V0,Vm,,,
sd,AFO,0.375,2.125,30,46,0.75,6,30,1470,33,72,,,
sd,AFO,0.375,2.125,30,46,0.75,6,26,1260,33,72,,,
sd,AFO,0.375,2.125,30,46,0.75,6,22,1000,33,72,,,
sd,AFO,0.375,2.125,30,46,0.75,6,20,830,33,72,,,
sd,AFO,0.375,2.125,30,46,0.75,6,18,735,33,72,,,
sd,AFO,0.375,2.125,30,46,0.75,6,16,612,33,72,,,
sd,AFO,0.375,2.125,30,46,0.75,6,14,490,33,72,,,
sd,AFO,0.375,2.125,34,69,0.75,6,30,2210,57,113,,,
sd,AFO,0.375,2.125,34,69,0.75,6,26,1840,57,113,,,
sd,AFO,0.375,2.125,34,69,0.75,6,22,1470,57,113,,,
sd,AFO,0.375,2.125,34,69,0.75,6,20,1327,57,113,,,
sd,AFO,0.375,2.125,34,69,0.75,6,19,1230,57,113,,,
sd,AFO,0.375,2.125,34,69,0.75,6,18,1100,57,113,,,
sd,AFO,0.375,2.125,34,69,0.75,6,16,924,57,113,,,
sd,AFO,0.375,2.125,34,69,0.75,6,11,736,57,113,,,
sd,AFO,0.375,2.125,34,69,1.125,6,30,1470,57,142,,,
sd,AFO,0.375,2.125,34,69,1.125,6,28,1327,57,142,,,
sd,AFO,0.375,2.125,34,69,1.125,6,26,1230,57,142,,,
sd,AFO,0.375,2.125,34,69,1.125,6,24,1100,57,142,,,
sd,AFO,0.375,2.125,34,69,1.125,6,22,924,57,142,,,
sd,AFO,0.375,2.125,34,69,1.125,6,18,736,57,142,,,
sd,AFO,0.5,2.825,40,69,0.75,6,30,2210,57,113,,,
sd,AFO,0.5,2.825,40,69,0.75,6,26,1840,57,113,,,
sd,AFO,0.5,2.825,40,69,0.75,6,22,1470,57,113,,,
sd,AFO,0.5,2.825,40,69,0.75,6,20,1327,57,113,,,
sd,AFO,0.5,2.825,40,69,0.75,6,19,1230,57,113,,,
sd,AFO,0.5,2.825,40,69,0.75,6,18,1100,57,113,,,
sd,AFO,0.5,2.825,40,69,0.75,6,16,920,57,113,,,
sd,AFO,0.5,2.825,40,69,0.75,6,14,736,57,113,,,
sd,AFO,0.5,2.825,40,69,1.125,6,30,1470,57,142,,,
sd,AFO,0.5,2.825,40,69,1.125,6,28,1327,57,142,,,
sd,AFO,0.5,2.825,40,69,1.125,6,26,1230,57,142,,,
sd,AFO,0.5,2.825,40,69,1.125,6,24,1100,57,142,,,
sd,AFO,0.5,2.825,40,69,1.125,6,22,920,57,142,,,
sd,AFO,0.5,2.825,40,69,1.125,6,18,736,57,142,,,
sd,AFO,0.5,2.825,40,69,1.125,6,15,550,57,142,,,
sd,AFO,0.5,2.825,40,69,1.125,6,30,1100,57,142,,,
sd,AFO,0.5,2.825,40,69,1.125,6,26,920,57,142,,,
sd,AFO,0.5,2.825,40,69,1.125,6,16,460,57,142,,,
sd,AFO,0.5,2.825,40,69,1.125,6,14,370,57,142,,,
sd,AFO,0.5,2.825,45,105,0.75,6,30,3320,95,183,,,
sd,AFO,0.5,2.825,45,105,0.75,6,26,2770,95,183,,,
sd,AFO,0.5,2.825,45,105,0.75,6,24,2500,95,183,,,
sd,AFO,0.5,2.825,45,105,0.75,6,22,2240,95,183,,,
sd,AFO,0.5,2.825,45,105,0.75,6,20,2080,95,183,,,
sd,AFO,0.5,2.825,45,105,0.75,6,19,1870,95,183,,,
sd,AFO,0.5,2.825,45,105,0.75,6,18,1670,95,183,,,
sd,AFO,0.5,2.825,45,105,0.75,6,17,1560,95,183,,,
sd,AFO,0.5,2.825,45,105,0.75,6,16,1400,95,183,,,
sd,AFO,0.5,2.825,45,105,0.75,6,15,1260,95,183,,,
sd,AFO,0.5,2.825,45,105,0.75,6,14,1120,95,183,,,
sd,AFO,0.5,2.825,45,105,1.125,6,30,2240,95,227,,,
sd,AFO,0.5,2.825,45,105,1.125,6,28,2080,95,227,,,
sd,AFO,0.5,2.825,45,105,1.125,6,26,1870,95,227,,,
sd,AFO,0.5,2.825,45,105,1.125,6,24,1670,95,227,,,
sd,AFO,0.5,2.825,45,105,1.125,6,22,1560,95,227,,,
sd,AFO,0.5,2.825,45,105,1.125,6,21,1400,95,227,,,
sd,AFO,0.5,2.825,45,105,1.125,6,19,1260,95,227,,,
sd,AFO,0.5,2.825,45,105,1.125,6,18,1120,95,227,,,
sd,AFO,0.5,2.825,45,105,1.125,6,17,1050,95,227,,,
sd,AFO,0.5,2.825,45,105,1.125,6,16,935,95,227,,,
sd,AFO,0.5,2.825,45,105,1.125,6,15,840,95,227,,,
sd,AFO,0.5,2.825,45,105,1.5,6,30,1670,95,270,,,
sd,AFO,0.5,2.825,45,105,1.5,6,28,1560,95,270,,,
sd,AFO,0.5,2.825,45,105,1.5,6,26,1400,95,270,,,
sd,AFO,0.5,2.825,45,105,1.5,6,24,1260,95,270,,,
sd,AFO,0.5,2.825,45,105,1.5,6,22,1120,95,270,,,
sd,AFO,0.5,2.825,45,105,1.5,6,21,1050,95,270,,,
sd,AFO,0.5,2.825,45,105,1.5,6,19,935,95,270,,,
sd,AFO,0.5,2.825,45,105,1.5,6,18,840,95,270,,,
sd,AFO,0.5,2.825,45,105,1.5,6,15,630,95,270,,,
sd,AFO,0.5,2.825,45,105,2,6,30,1260,95,330,,,
sd,AFO,0.5,2.825,45,105,2,6,27,1120,95,330,,,
sd,AFO,0.5,2.825,45,105,2,6,26,1050,95,330,,,
sd,AFO,0.5,2.825,45,105,2,6,24,935,95,330,,,
sd,AFO,0.5,2.825,45,105,2,6,22,840,95,330,,,
sd,AFO,0.5,2.825,45,105,2,6,18,630,95,330,,,
sd,AFO,0.5,2.825,45,105,2,6,15,472,95,330,,,
sd,AFO,0.5,2.825,46,156,0.75,6,30,5000,133,257,,,
sd,AFO,0.5,2.825,46,156,0.75,6,26,4160,133,257,,,
sd,AFO,0.5,2.825,46,156,0.75,6,22,3320,133,257,,,
sd,AFO,0.5,2.825,46,156,0.75,6,19,2770,133,257,,,
sd,AFO,0.5,2.825,46,156,0.75,6,18,2500,133,257,,,
sd,AFO,0.5,2.825,46,156,0.75,6,17,2240,133,257,,,
sd,AFO,0.5,2.825,46,156,0.75,6,16,2080,133,257,,,
sd,AFO,0.5,2.825,46,156,0.75,6,15,1870,133,257,,,
sd,AFO,0.5,2.825,46,156,0.75,6,14,1670,133,257,,,
sd,AFO,0.5,2.825,46,156,1.125,6,30,3320,133,322,,,
sd,AFO,0.5,2.825,46,156,1.125,6,26,2770,133,322,,,
sd,AFO,0.5,2.825,46,156,1.125,6,24,2500,133,322,,,
sd,AFO,0.5,2.825,46,156,1.125,6,22,2240,133,322,,,
sd,AFO,0.5,2.825,46,156,1.125,6,21,2080,133,322,,,
sd,AFO,0.5,2.825,46,156,1.125,6,19,1870,133,322,,,
sd,AFO,0.5,2.825,46,156,1.125,6,18,1670,133,322,,,
sd,AFO,0.5,2.825,46,156,1.125,6,17,1560,133,322,,,
sd,AFO,0.5,2.825,46,156,1.125,6,16,1400,133,322,,,
sd,AFO,0.5,2.825,46,156,1.125,6,15,1260,133,322,,,
sd,AFO,0.5,2.825,46,156,1.125,6,14,1120,133,322,,,
sd,AFO,0.5,2.825,46,156,1.5,6,30,2500,133,387,,,
sd,AFO,0.5,2.825,46,156,1.5,6,26,2080,133,387,,,
sd,AFO,0.5,2.825,46,156,1.5,6,24,1870,133,387,,,
sd,AFO,0.5,2.825,46,156,1.5,6,22,1670,133,387,,,
sd,AFO,0.5,2.825,46,156,1.5,6,21,1560,133,387,,,
sd,AFO,0.5,2.825,46,156,1.5,6,19,1400,133,387,,,
sd,AFO,0.5,2.825,46,156,1.5,6,18,1260,133,387,,,
sd,AFO,0.5,2.825,46,156,1.5,6,17,1120,133,387,,,
sd,AFO,0.5,2.825,46,156,1.5,6,16,1050,133,387,,,
sd,AFO,0.5,2.825,46,156,1.5,6,15,935,133,387,,,
sd,AFO,0.5,2.825,46,156,1.5,6,14,840,133,387,,,
sd,AFO,0.5,2.825,46,156,2,6,30,1870,133,472,,,
sd,AFO,0.5,2.825,46,156,2,6,26,1560,133,472,,,
sd,AFO,0.5,2.825,46,156,2,6,22,1260,133,472,,,
sd,AFO,0.5,2.825,46,156,2,6,20,1120,133,472,,,
sd,AFO,0.5,2.825,46,156,2,6,19,1050,133,472,,,
sd,AFO,0.5,2.825,46,156,2,6,18,935,133,472,,,
sd,AFO,0.5,2.825,46,156,2,6,17,840,133,472,,,
sd,AFO,0.75,3.5625,50,105,0.75,6,30,3320,95,183,,,
sd,AFO,0.75,3.5625,50,105,0.75,6,26,2770,95,183,,,
sd,AFO,0.75,3.5625,50,105,0.75,6,24,2500,95,183,,,
sd,AFO,0.75,3.5625,50,105,0.75,6,22,2240,95,183,,,
sd,AFO,0.75,3.5625,50,105,0.75,6,20,2080,95,183,,,
sd,AFO,0.75,3.5625,50,105,0.75,6,19,1870,95,183,,,
sd,AFO,0.75,3.5625,50,105,0.75,6,18,1670,95,183,,,
sd,AFO,0.75,3.5625,50,105,0.75,6,17,1560,95,183,,,
sd,AFO,0.75,3.5625,50,105,0.75,6,16,1400,95,183,,,
sd,AFO,0.75,3.5625,50,105,0.75,6,15,1260,95,183,,,
sd,AFO,0.75,3.5625,50,105,0.75,6,14,1120,95,183,,,
sd,AFO,0.75,3.5625,50,105,1.125,6,30,2240,95,227,,,
sd,AFO,0.75,3.5625,50,105,1.125,6,28,2080,95,227,,,
sd,AFO,0.75,3.5625,50,105,1.125,6,26,1870,95,227,,,
sd,AFO,0.75,3.5625,50,105,1.125,6,24,1670,95,227,,,
sd,AFO,0.75,3.5625,50,105,1.125,6,23,1560,95,227,,,
sd,AFO,0.75,3.5625,50,105,1.125,6,21,1400,95,227,,,
sd,AFO,0.75,3.5625,50,105,1.125,6,19,1260,95,227,,,
sd,AFO,0.75,3.5625,50,105,1.125,6,18,1120,95,227,,,
sd,AFO,0.75,3.5625,50,105,1.125,6,17,1050,95,227,,,
sd,AFO,0.75,3.5625,50,105,1.125,6,16,935,95,227,,,
sd,AFO,0.75,3.5625,50,105,1.125,6,15,840,95,227,,,
sd,AFO,0.75,3.5625,50,105,1.5,6,30,1670,95,270,,,
sd,AFO,0.75,3.5625,50,105,1.5,6,29,1560,95,270,,,
sd,AFO,0.75,3.5625,50,105,1.5,6,26,1400,95,270,,,
sd,AFO,0.75,3.5625,50,105,1.5,6,24,1260,95,270,,,
sd,AFO,0.75,3.5625,50,105,1.5,6,22,1120,95,270,,,
sd,AFO,0.75,3.5625,50,105,1.5,6,21,1050,95,270,,,
sd,AFO,0.75,3.5625,50,105,1.5,6,19,935,95,270,,,
sd,AFO,0.75,3.5625,50,105,1.5,6,18,840,95,270,,,
sd,AFO,0.75,3.5625,50,105,1.5,6,15,630,95,270,,,
sd,AFO,0.75,3.5625,50,105,2,6,30,1260,95,330,,,
sd,AFO,0.75,3.5625,50,105,2,6,27,1120,95,330,,,
sd,AFO,0.75,3.5625,50,105,2,6,26,1050,95,330,,,
sd,AFO,0.75,3.5625,50,105,2,6,24,935,95,330,,,
sd,AFO,0.75,3.5625,50,105,2,6,22,840,95,330,,,
sd,AFO,0.75,3.5625,50,105,2,6,18,630,95,330,,,
sd,AFO,0.75,3.5625,50,105,2,6,15,472,95,330,,,
sd,AFO,0.75,3.5625,60,156,0.75,6,30,5000,133,257,,,
sd,AFO,0.75,3.5625,60,156,0.75,6,26,4160,133,257,,,
sd,AFO,0.75,3.5625,60,156,0.75,6,22,3320,133,257,,,
sd,AFO,0.75,3.5625,60,156,0.75,6,19,2770,133,257,,,
sd,AFO,0.75,3.5625,60,156,0.75,6,18,2500,133,257,,,
sd,AFO,0.75,3.5625,60,156,0.75,6,17,2240,133,257,,,
sd,AFO,0.75,3.5625,60,156,0.75,6,16,2080,133,257,,,
sd,AFO,0.75,3.5625,60,156,0.75,6,15,1870,133,257,,,
sd,AFO,0.75,3.5625,60,156,0.75,6,14,1670,133,257,,,
sd,AFO,0.75,3.5625,60,156,1.125,6,30,3320,133,322,,,
sd,AFO,0.75,3.5625,60,156,1.125,6,26,2770,133,322,,,
sd,AFO,0.75,3.5625,60,156,1.125,6,24,2500,133,322,,,
sd,AFO,0.75,3.5625,60,156,1.125,6,22,2240,133,322,,,
sd,AFO,0.75,3.5625,60,156,1.125,6,21,2080,133,322,,,
sd,AFO,0.75,3.5625,60,156,1.125,6,19,1870,133,322,,,
sd,AFO,0.75,3.5625,60,156,1.125,6,18,1670,133,322,,,
sd,AFO,0.75,3.5625,60,156,1.125,6,17,1560,133,322,,,
sd,AFO,0.75,3.5625,60,156,1.125,6,16,1400,133,322,,,
sd,AFO,0.75,3.5625,60,156,1.125,6,15,1260,133,322,,,
sd,AFO,0.75,3.5625,60,156,1.125,6,14,1120,133,322,,,
sd,AFO,0.75,3.5625,60,156,1.125,6,14,1050,133,322,,,
sd,AFO,0.75,3.5625,60,156,1.5,6,30,2500,133,387,,,
sd,AFO,0.75,3.5625,60,156,1.5,6,26,2080,133,387,,,
sd,AFO,0.75,3.5625,60,156,1.5,6,24,1870,133,387,,,
sd,AFO,0.75,3.5625,60,156,1.5,6,22,1670,133,387,,,
sd,AFO,0.75,3.5625,60,156,1.5,6,21,1560,133,387,,,
sd,AFO,0.75,3.5625,60,156,1.5,6,19,1400,133,387,,,
sd,AFO,0.75,3.5625,60,156,1.5,6,18,1260,133,387,,,
sd,AFO,0.75,3.5625,60,156,1.5,6,17,1120,133,387,,,
sd,AFO,0.75,3.5625,60,156,1.5,6,16,1050,133,387,,,
sd,AFO,0.75,3.5625,60,156,1.5,6,15,935,133,387,,,
sd,AFO,0.75,3.5625,60,156,1.5,6,14,840,133,387,,,
sd,AFO,0.75,3.5625,60,156,2,6,30,1870,133,472,,,
sd,AFO,0.75,3.5625,60,156,2,6,26,1560,133,472,,,
sd,AFO,0.75,3.5625,60,156,2,6,22,1260,133,472,,,
sd,AFO,0.75,3.5625,60,156,2,6,20,1120,133,472,,,
sd,AFO,0.75,3.5625,60,156,2,6,19,1050,133,472,,,
sd,AFO,0.75,3.5625,60,156,2,6,18,935,133,472,,,
sd,AFO,0.75,3.5625,60,156,2,6,17,840,133,472,,,
sd,AFO,0.75,3.5625,70,220,0.75,6,21,4475,213,392,,,
sd,AFO,0.75,3.5625,70,220,0.75,6,17,3360,213,392,,,
sd,AFO,0.75,3.5625,70,220,0.75,6,15,2520,213,392,,,
sd,AFO,0.75,3.5625,70,220,0.75,6,14,2240,213,392,,,
sd,AFO,0.75,3.5625,70,220,1.125,6,29,4475,213,478,,,
sd,AFO,0.75,3.5625,70,220,1.125,6,23,3360,213,478,,,
sd,AFO,0.75,3.5625,70,220,1.125,6,19,2520,213,478,,,
sd,AFO,0.75,3.5625,70,220,1.125,6,17,2240,213,478,,,
sd,AFO,0.75,3.5625,70,220,1.125,6,15,1680,213,478,,,
sd,AFO,0.75,3.5625,70,220,1.5,6,29,3360,213,564,,,
sd,AFO,0.75,3.5625,70,220,1.5,6,23,2520,213,564,,,
sd,AFO,0.75,3.5625,70,220,1.5,6,21,2240,213,564,,,
sd,AFO,0.75,3.5625,70,220,1.5,6,17,1680,213,564,,,
sd,AFO,0.75,3.5625,70,220,1.5,6,15,1260,213,564,,,
sd,AFO,0.75,3.5625,70,220,2,6,29,2520,213,678,,,
sd,AFO,0.75,3.5625,70,220,2,6,26,2240,213,678,,,
sd,AFO,0.75,3.5625,70,220,2,6,21,1680,213,678,,,
sd,AFO,0.75,3.5625,70,220,2,6,17,1260,213,678,,,
sd,AFO,0.75,3.5625,70,220,2,6,14,840,213,678,,,
sd,AFO,0.75,3.5625,70,220,2.5,6,25,1680,213,829,,,
sd,AFO,0.75,3.5625,70,220,2.5,6,20,1260,213,829,,,
sd,AFO,0.75,3.5625,70,220,2.5,6,16,840,213,829,,,
sd,AFO,0.75,3.5625,70,220,3,6,29,1680,213,980,,,
sd,AFO,0.75,3.5625,70,220,3,6,23,1260,213,980,,,
sd,AFO,0.75,3.5625,70,220,3,6,18,860,213,980,,,
sd,AFO,0.75,3.5625,70,220,3,6,17,840,213,980,,,
sd,AFO,0.75,3.5625,70,220,4,6,22,860,213,1133,,,
sd,AFO,0.75,3.5625,70,220,4,6,17,840,213,1133,,,
sd,AFC,0.375,2.125,30,46,0.75,6,30,1470,33,72,,,
sd,AFC,0.375,2.125,30,46,0.75,10,30,1260,33,72,,,
sd,AFC,0.375,2.125,30,46,0.75,14,30,1000,33,72,,,
sd,AFC,0.375,2.125,30,46,0.75,16,30,830,33,72,,,
sd,AFC,0.375,2.125,34,69,0.75,6,30,2210,57,113,,,
sd,AFC,0.375,2.125,34,69,0.75,10,30,1840,57,113,,,
sd,AFC,0.375,2.125,34,69,0.75,14,30,1470,57,113,,,
sd,AFC,0.375,2.125,34,69,0.75,16,30,1327,57,113,,,
sd,AFC,0.375,2.125,34,69,0.75,17,30,1230,57,113,,,
sd,AFC,0.375,2.125,34,69,0.75,18,30,1100,57,113,,,
sd,AFC,0.375,2.125,34,69,1.125,6,30,2210,57,142,,,
sd,AFC,0.375,2.125,34,69,1.125,8,30,1840,57,142,,,
sd,AFC,0.375,2.125,34,69,1.125,10,30,1470,57,142,,,
sd,AFC,0.375,2.125,34,69,1.125,12,30,1327,57,142,,,
sd,AFC,0.5,2.825,40,69,0.75,6,30,1230,57,113,,,
sd,AFC,0.5,2.825,40,69,0.75,10,30,1100,57,113,,,
sd,AFC,0.5,2.825,40,69,0.75,14,30,1470,57,113,,,
sd,AFC,0.5,2.825,40,69,0.75,16,30,1327,57,113,,,
sd,AFC,0.5,2.825,40,69,0.75,17,30,1230,57,113,,,
sd,AFC,0.5,2.825,40,69,0.75,18,30,1100,57,113,,,
sd,AFC,0.5,2.825,40,69,1.125,6,30,1470,57,142,,,
sd,AFC,0.5,2.825,40,69,1.125,8,30,1327,57,142,,,
sd,AFC,0.5,2.825,40,69,1.125,10,30,1230,57,142,,,
sd,AFC,0.5,2.825,40,69,1.125,12,30,1100,57,142,,,
sd,AFC,0.5,2.825,40,69,1.125,12,30,1100,57,142,,,
sd,AFC,0.5,2.825,40,69,1.5,6,30,1470,57,170,,,
sd,AFC,0.5,2.825,45,105,0.75,6,30,3320,95,183,,,
sd,AFC,0.5,2.825,45,105,0.75,10,30,2770,95,183,,,
sd,AFC,0.5,2.825,45,105,0.75,12,30,2500,95,183,,,
sd,AFC,0.5,2.825,45,105,0.75,14,30,2240,95,183,,,
sd,AFC,0.5,2.825,45,105,0.75,16,30,2080,95,183,,,
sd,AFC,0.5,2.825,45,105,0.75,17,30,1870,95,183,,,
sd,AFC,0.5,2.825,45,105,0.75,18,30,1670,95,183,,,
sd,AFC,0.5,2.825,45,105,0.75,19,30,1560,95,183,,,
sd,AFC,0.5,2.825,45,105,0.75,20,30,1400,95,183,,,
sd,AFC,0.5,2.825,45,105,0.75,21,30,1260,95,183,,,
sd,AFC,0.5,2.825,45,105,0.75,22,30,1120,95,183,,,
sd,AFC,0.5,2.825,45,105,1.125,6,30,2240,95,227,,,
sd,AFC,0.5,2.825,45,105,1.125,8,30,2080,95,227,,,
sd,AFC,0.5,2.825,45,105,1.125,10,30,1870,95,227,,,
sd,AFC,0.5,2.825,45,105,1.125,12,30,1670,95,227,,,
sd,AFC,0.5,2.825,45,105,1.125,14,30,1560,95,227,,,
sd,AFC,0.5,2.825,45,105,1.125,15,30,1400,95,227,,,
sd,AFC,0.5,2.825,45,105,1.125,17,30,1260,95,227,,,
sd,AFC,0.5,2.825,45,105,1.125,18,30,1120,95,227,,,
sd,AFC,0.5,2.825,45,105,1.125,19,30,1050,95,227,,,
sd,AFC,0.5,2.825,45,105,1.5,6,30,1670,95,270,,,
sd,AFC,0.5,2.825,45,105,1.5,8,30,1560,95,270,,,
sd,AFC,0.5,2.825,45,105,1.5,10,30,1400,95,270,,,
sd,AFC,0.5,2.825,45,105,1.5,12,30,1260,95,270,,,
sd,AFC,0.5,2.825,45,105,1.5,14,30,1120,95,270,,,
sd,AFC,0.5,2.825,45,105,1.5,16,30,1050,95,270,,,
sd,AFC,0.5,2.825,45,105,2,6,30,1260,95,330,,,
sd,AFC,0.5,2.825,45,105,2,9,30,1120,95,330,,,
sd,AFC,0.5,2.825,45,105,2,10,30,1050,95,330,,,
sd,AFC,0.5,2.825,46,156,0.75,6,30,5000,133,257,,,
sd,AFC,0.5,2.825,46,156,0.75,10,30,4160,133,257,,,
sd,AFC,0.5,2.825,46,156,0.75,14,30,3320,133,257,,,
sd,AFC,0.5,2.825,46,156,0.75,17,30,2770,133,257,,,
sd,AFC,0.5,2.825,46,156,0.75,18,30,2500,133,257,,,
sd,AFC,0.5,2.825,46,156,0.75,20,30,2080,133,257,,,
sd,AFC,0.5,2.825,46,156,0.75,21,30,1870,133,257,,,
sd,AFC,0.5,2.825,46,156,1.125,6,30,3320,133,322,,,
sd,AFC,0.5,2.825,46,156,1.125,10,30,2770,133,322,,,
sd,AFC,0.5,2.825,46,156,1.125,12,30,2500,133,322,,,
sd,AFC,0.5,2.825,46,156,1.125,15,30,2080,133,322,,,
sd,AFC,0.5,2.825,46,156,1.125,17,30,1870,133,322,,,
sd,AFC,0.5,2.825,46,156,1.5,6,30,2500,133,387,,,
sd,AFC,0.5,2.825,46,156,1.5,10,30,2080,133,387,,,
sd,AFC,0.5,2.825,46,156,1.5,12,30,1870,133,387,,,
sd,AFC,0.5,2.825,46,156,2,6,30,1870,133,472,,,
sd,AFC,0.75,3.5625,50,105,0.75,6,30,3320,95,183,,,
sd,AFC,0.75,3.5625,50,105,0.75,10,30,2770,95,183,,,
sd,AFC,0.75,3.5625,50,105,0.75,12,30,2500,95,183,,,
sd,AFC,0.75,3.5625,50,105,0.75,14,30,2240,95,183,,,
sd,AFC,0.75,3.5625,50,105,0.75,16,30,2020,95,183,,,
sd,AFC,0.75,3.5625,50,105,0.75,17,30,1870,95,183,,,
sd,AFC,0.75,3.5625,50,105,0.75,18,30,1670,95,183,,,
sd,AFC,0.75,3.5625,50,105,0.75,19,30,1560,95,183,,,
sd,AFC,0.75,3.5625,50,105,0.75,20,30,1400,95,183,,,
sd,AFC,0.75,3.5625,50,105,0.75,21,30,1260,95,183,,,
sd,AFC,0.75,3.5625,50,105,0.75,22,30,1120,95,183,,,
sd,AFC,0.75,3.5625,50,105,1.125,6,30,2240,95,227,,,
sd,AFC,0.75,3.5625,50,105,1.125,8,30,2020,95,227,,,
sd,AFC,0.75,3.5625,50,105,1.125,10,30,1870,95,227,,,
sd,AFC,0.75,3.5625,50,105,1.125,12,30,1670,95,227,,,
sd,AFC,0.75,3.5625,50,105,1.125,13,30,1560,95,227,,,
sd,AFC,0.75,3.5625,50,105,1.125,15,30,1400,95,227,,,
sd,AFC,0.75,3.5625,50,105,1.125,17,30,1260,95,227,,,
sd,AFC,0.75,3.5625,50,105,1.125,18,30,1120,95,227,,,
sd,AFC,0.75,3.5625,50,105,1.125,19,30,1050,95,227,,,
sd,AFC,0.75,3.5625,50,105,1.5,6,30,1670,95,270,,,
sd,AFC,0.75,3.5625,50,105,1.5,8,30,1560,95,270,,,
sd,AFC,0.75,3.5625,50,105,1.5,10,30,1400,95,270,,,
sd,AFC,0.75,3.5625,50,105,1.5,12,30,1260,95,270,,,
sd,AFC,0.75,3.5625,50,105,1.5,14,30,1120,95,270,,,
sd,AFC,0.75,3.5625,50,105,1.5,15,30,1050,95,270,,,
sd,AFC,0.75,3.5625,50,105,2,6,30,1260,95,330,,,
sd,AFC,0.75,3.5625,50,105,2,9,30,1120,95,330,,,
sd,AFC,0.75,3.5625,50,105,2,10,30,1050,95,330,,,
sd,AFC,0.75,3.5625,60,156,0.75,6,30,5000,133,257,,,
sd,AFC,0.75,3.5625,60,156,0.75,10,30,4160,133,257,,,
sd,AFC,0.75,3.5625,60,156,0.75,14,30,3320,133,257,,,
sd,AFC,0.75,3.5625,60,156,0.75,17,30,2770,133,257,,,
sd,AFC,0.75,3.5625,60,156,0.75,18,30,2500,133,257,,,
sd,AFC,0.75,3.5625,60,156,0.75,20,30,2080,133,257,,,
sd,AFC,0.75,3.5625,60,156,0.75,21,30,1870,133,257,,,
sd,AFC,0.75,3.5625,60,156,1.125,6,30,3320,133,322,,,
sd,AFC,0.75,3.5625,60,156,1.125,10,30,2770,133,322,,,
sd,AFC,0.75,3.5625,60,156,1.125,12,30,2500,133,322,,,
sd,AFC,0.75,3.5625,60,156,1.125,15,30,2080,133,322,,,
sd,AFC,0.75,3.5625,60,156,1.125,17,30,1870,133,322,,,
sd,AFC,0.75,3.5625,60,156,1.5,6,30,2500,133,387,,,
sd,AFC,0.75,3.5625,60,156,1.5,10,30,2080,133,387,,,
sd,AFC,0.75,3.5625,60,156,1.5,12,30,1870,133,387,,,
sd,AFC,0.75,3.5625,60,156,2,6,30,1870,133,472,,,
sd,AFC,0.75,3.5625,70,220,0.75,15,30,4475,213,392,,,
sd,AFC,0.75,3.5625,70,220,0.75,19,30,3360,213,392,,,
sd,AFC,0.75,3.5625,70,220,0.75,21,30,2520,213,392,,,
sd,AFC,0.75,3.5625,70,220,0.75,22,30,2240,213,392,,,
sd,AFC,0.75,3.5625,70,220,1.125,6,30,4475,213,478,,,
sd,AFC,0.75,3.5625,70,220,1.125,13,30,3360,213,478,,,
sd,AFC,0.75,3.5625,70,220,1.125,17,30,2520,213,478,,,
sd,AFC,0.75,3.5625,70,220,1.125,19,30,2240,213,478,,,
sd,AFC,0.75,3.5625,70,220,1.125,21,30,1680,213,478,,,
sd,AFC,0.75,3.5625,70,220,1.5,6,30,3360,213,564,,,
sd,AFC,0.75,3.5625,70,220,1.5,13,30,2520,213,564,,,
sd,AFC,0.75,3.5625,70,220,1.5,14,30,2240,213,564,,,
sd,AFC,0.75,3.5625,70,220,1.5,19,30,1680,213,564,,,
sd,AFC,0.75,3.5625,70,220,2,6,30,2520,213,678,,,
sd,AFC,0.75,3.5625,70,220,2,10,30,2240,213,678,,,
sd,AFC,0.75,3.5625,70,220,2,14,30,1680,213,678,,,
sd,AFC,0.75,3.5625,70,220,3,6,30,1680,213,980,,,
sd,AFC,0.75,3.5625,70,220,3,14,26,860,213,980,,,
sd,AFC,0.75,3.5625,70,220,4,10,26,860,213,1133,,,
sd,AFC,0.75,3.5625,76,156,1.125,18,30,1680,133,322,,,
sd,AFC,0.75,3.5625,76,156,1.125,21,30,1260,133,322,,,
sd,AFC,0.75,3.5625,76,156,1.5,14,30,1680,133,387,,,
sd,AFC,0.75,3.5625,76,156,1.5,18,30,1260,133,387,,,
sd,AFC,0.75,3.5625,76,156,2,9,30,1680,133,472,,,
sd,AFC,0.75,3.5625,76,156,2,14,30,1260,133,472,,,
sd,AFO,0.375,2.125,38,38,0.75,3,15,608,32,61,,,
sd,AFO,0.375,2.125,38,38,0.75,6,30,1216,32,61,,,
sd,AFO,0.375,2.125,75,75,0.75,3,15,1200,32,88,,,
sd,AFO,0.375,2.125,75,75,0.75,6,30,2400,32,88,,,
sd,AFO,0.375,2.125,150,150,0.75,3,15,2400,92,205,,,
sd,AFO,0.375,2.125,150,150,0.75,6,30,4800,92,205,,,
sd,AFO,0.375,2.125,38,38,1.125,3,15,405,32,75,,,
sd,AFO,0.375,2.125,38,38,1.125,6,30,811,32,75,,,
sd,AFO,0.375,2.125,75,75,1.125,3,15,800,32,116,,,
sd,AFO,0.375,2.125,75,75,1.125,6,30,1600,32,116,,,
sd,AFO,0.375,2.125,150,150,1.125,3,15,1600,92,261,,,
sd,AFO,0.375,2.125,150,150,1.125,6,30,3200,92,261,,,
sd,AFO,0.5,2.8125,75,75,1.5,3,15,600,32,145,,,
sd,AFO,0.5,2.8125,75,75,1.5,6,30,1200,32,145,,,
sd,AFO,0.5,2.8125,150,150,1.5,3,15,1200,92,317,,,
sd,AFO,0.5,2.8125,150,150,1.5,6,30,2400,92,317,,,
sd,AFO,0.5,2.8125,300,300,1.5,3,15,2400,255,705,,,
sd,AFO,0.5,2.8125,300,300,1.5,6,30,4800,255,705,,,
sd,AFO,0.75,3.5625,150,150,2.25,3,15,800,92,430,,,
sd,AFO,0.75,3.5625,150,150,2.25,6,30,1600,92,430,,,
sd,AFO,0.75,3.5625,300,300,2.25,3,15,1600,255,930,,,
sd,AFO,0.75,3.5625,300,300,2.25,6,30,3200,255,930,,,
sd,AFO,0.75,3.5625,300,300,2.5,3,15,1440,255,1005,,,
sd,AFO,0.75,3.5625,300,300,2.5,6,30,2880,255,1005,,,
sd,AFO,0.75,3.5625,150,150,3.5,3,15,514,92,617,,,
sd,AFO,0.75,3.5625,300,300,3.5,3,15,1029,255,1305,,,
sd,AFO,0.75,3.5625,300,300,3.5,6,30,2057,255,1305,,,
sd,AFO,0.75,3.5625,300,300,4,3,15,900,255,1455,,,
sd,AFO,0.75,3.5625,300,300,4,6,30,1800,255,1455,,,
sd,AFC,0.375,2.125,38,38,0.75,6,18,608,32,61,,,
sd,AFC,0.375,2.125,38,38,0.75,8,32,1216,32,61,,,
sd,AFC,0.375,2.125,38,38,0.75,12,24,608,32,61,,,
sd,AFC,0.375,2.125,75,75,0.75,6,18,1200,32,88,,,
sd,AFC,0.375,2.125,75,75,0.75,8,32,2400,32,88,,,
sd,AFC,0.375,2.125,75,75,0.75,16,32,1600,32,88,,,
sd,AFC,0.375,2.125,150,150,0.75,6,18,2400,92,205,,,
sd,AFC,0.375,2.125,150,150,0.75,8,32,4800,92,205,,,
sd,AFC,0.375,2.125,150,150,0.75,12,24,2400,92,205,,,
sd,AFC,0.375,2.125,38,38,1.125,6,18,405,32,75,,,
sd,AFC,0.375,2.125,38,38,1.125,8,32,811,32,75,,,
sd,AFC,0.375,2.125,38,38,1.125,12,30,608,32,75,,,
sd,AFC,0.375,2.125,75,75,1.125,6,18,800,32,116,,,
sd,AFC,0.375,2.125,75,75,1.125,8,32,1600,32,116,,,
sd,AFC,0.375,2.125,75,75,1.125,16,32,1067,32,116,,,
sd,AFC,0.375,2.125,150,150,1.125,6,18,1600,92,261,,,
sd,AFC,0.375,2.125,150,150,1.125,8,32,3200,92,261,,,
sd,AFC,0.375,2.125,150,150,1.125,14,32,2400,92,261,,,
sd,AFC,0.5,2.8125,75,75,1.5,6,18,600,32,145,,,
sd,AFC,0.5,2.8125,75,75,1.5,8,32,1200,32,145,,,
sd,AFC,0.5,2.8125,75,75,1.5,16,32,800,32,145,,,
sd,AFC,0.5,2.8125,150,150,1.5,6,18,1200,92,317,,,
sd,AFC,0.5,2.8125,150,150,1.5,8,32,2400,92,317,,,
sd,AFC,0.5,2.8125,150,150,1.5,16,32,1600,92,317,,,
sd,AFC,0.5,2.8125,300,300,1.5,6,18,2400,255,705,,,
sd,AFC,0.5,2.8125,300,300,1.5,8,32,4800,255,705,,,
sd,AFC,0.5,2.8125,300,300,1.5,16,32,3200,255,705,,,
sd,AFC,0.5,2.8125,310,300,1.5,20,40,4000,255,705,,,
sd,AFC,0.5,2.8125,310,300,1.5,30,40,2000,255,705,,,
sd,AFC,0.75,3.5625,150,150,2.25,6,18,800,92,430,,,
sd,AFC,0.75,3.5625,150,150,2.25,8,32,1600,92,430,,,
sd,AFC,0.75,3.5625,150,150,2.25,16,32,1067,92,430,,,
sd,AFC,0.75,3.5625,300,300,2.25,6,18,1600,255,930,,,
sd,AFC,0.75,3.5625,300,300,2.25,8,32,3200,255,930,,,
sd,AFC,0.75,3.5625,300,300,2.25,16,32,2133,255,930,,,
sd,AFC,0.75,3.5625,310,300,2.25,27,40,1733,255,930,,,
sd,AFC,0.75,3.5625,300,300,2.5,6,18,1440,255,1005,,,
sd,AFC,0.75,3.5625,300,300,2.5,8,32,2880,255,1005,,,
sd,AFC,0.75,3.5625,300,300,2.5,16,32,1920,255,1005,,,
sd,AFC,0.75,3.5625,300,300,3.5,6,18,1029,255,1305,,,
sd,AFC,0.75,3.5625,300,300,3.5,8,32,2057,255,1305,,,
sd,AFC,0.75,3.5625,300,300,3.5,11,32,1800,255,1305,,,
sd,AFC,0.75,3.5625,310,300,3.5,20,40,1714,255,1305,,,
sd,AFC,0.75,3.5625,300,300,4,6,18,900,255,1455,,,
sd,AFC,0.75,3.5625,300,300,4,8,32,1800,255,1455,,,
sd,AFC,0.75,3.5625,300,300,4,11,32,1575,255,1455,,,
sd,AFC,0.75,3.5625,310,300,4,20,40,1500,255,1455,,,
msd,AFO,0.5,2.8125,6,60,0.75,3,15,960,30,75,,,
msd,AFO,0.5,2.8125,6,60,0.75,6,30,1920,30,75,,,
msd,AFO,0.5,2.8125,6,60,0.75,11,23,960,30,75,,,
msd,AFO,0.5,2.8125,6,60,0.75,21,45,1920,30,75,,,
msd,AFO,0.5,2.8125,10,100,0.75,3,15,1600,50,125,,,
msd,AFO,0.5,2.8125,10,100,0.75,6,30,3200,50,125,,,
msd,AFO,0.5,2.8125,10,100,0.75,11,23,1600,50,125,,,
msd,AFO,0.5,2.8125,10,100,0.75,21,45,3200,50,125,,,
msd,AFO,0.5,2.8125,10,100,1.125,3,15,1067,50,163,,,
msd,AFO,0.5,2.8125,10,100,1.125,6,30,2133,50,163,,,
msd,AFO,0.5,2.8125,10,100,1.125,11,23,1067,50,163,,,
msd,AFO,0.5,2.8125,10,100,1.125,21,45,2133,50,163,,,
msd,AFO,0.75,3.5625,10,100,1.125,3,15,1067,50,163,,,
msd,AFO,0.75,3.5625,10,100,1.125,6,30,2133,50,163,,,
msd,AFO,0.75,3.5625,10,100,1.125,11,23,1067,50,163,,,
msd,AFO,0.75,3.5625,10,100,1.125,21,45,2133,50,163,,,
msd,AFO,0.75,3.5625,10,100,1.5,3,15,800,50,200,,,
msd,AFO,0.75,3.5625,10,100,1.5,6,30,1600,50,200,,,
msd,AFO,0.75,3.5625,10,100,1.5,11,23,800,50,200,,,
msd,AFO,0.75,3.5625,10,100,1.5,21,45,1600,50,200,,,
msd,AFO,0.5,2.8125,16,160,0.75,3,15,2560,80,200,,,
msd,AFO,0.5,2.8125,16,160,0.75,6,30,5120,80,200,,,
msd,AFO,0.5,2.8125,16,160,0.75,11,23,2560,80,200,,,
msd,AFO,0.5,2.8125,16,160,0.75,21,45,5120,80,200,,,
msd,AFO,0.5,2.8125,16,160,1.125,3,15,1707,80,260,,,
msd,AFO,0.5,2.8125,16,160,1.125,6,30,3413,80,260,,,
msd,AFO,0.5,2.8125,16,160,1.125,11,23,1707,80,260,,,
msd,AFO,0.5,2.8125,16,160,1.125,21,45,3413,80,260,,,
msd,AFO,0.75,3.5625,16,160,1.125,3,15,1707,80,260,,,
msd,AFO,0.75,3.5625,16,160,1.125,6,30,3413,80,260,,,
msd,AFO,0.75,3.5625,16,160,1.125,11,23,1707,80,260,,,
msd,AFO,0.75,3.5625,16,160,1.125,21,45,3413,80,260,,,
msd,AFO,0.75,3.5625,16,160,1.5,3,15,1280,80,320,,,
msd,AFO,0.75,3.5625,16,160,1.5,6,30,2560,80,320,,,
msd,AFO,0.75,3.5625,16,160,1.5,11,23,1280,80,320,,,
msd,AFO,0.75,3.5625,16,160,1.5,21,45,2560,80,320,,,
msd,AFO,0.75,3.5625,16,160,2,3,15,960,80,400,,,
msd,AFO,0.75,3.5625,16,160,2,6,30,1920,80,400,,,
msd,AFO,0.75,3.5625,16,160,2,11,23,960,80,400,,,
msd,AFO,0.75,3.5625,16,160,2,21,45,1920,80,400,,,
msd,AFO,0.75,3.5625,16,160,2.5,3,15,768,80,480,,,
msd,AFO,0.75,3.5625,16,160,2.5,6,30,1536,80,480,,,
msd,AFO,0.75,3.5625,16,160,2.5,11,23,768,80,480,,,
msd,AFO,0.75,3.5625,16,160,2.5,21,45,1536,80,480,,,
msd,AFO,0.75,3.5625,23,230,0.75,3,15,3680,115,288,,,
msd,AFO,0.75,3.5625,23,230,0.75,6,30,7360,115,288,,,
msd,AFO,0.75,3.5625,23,230,0.75,11,23,3680,115,288,,,
msd,AFO,0.75,3.5625,23,230,0.75,21,45,7360,115,288,,,
msd,AFO,0.75,3.5625,23,230,1.5,3,15,1840,115,460,,,
msd,AFO,0.75,3.5625,23,230,1.5,6,30,3680,115,460,,,
msd,AFO,0.75,3.5625,23,230,1.5,11,23,1840,115,460,,,
msd,AFO,0.75,3.5625,23,230,1.5,21,45,3680,115,460,,,
msd,AFO,0.75,3.5625,23,230,2,3,15,1380,115,575,,,
msd,AFO,0.75,3.5625,23,230,2,6,30,2760,115,575,,,
msd,AFO,0.75,3.5625,23,230,2,11,23,1380,115,575,,,
msd,AFO,0.75,3.5625,23,230,2,21,45,2760,115,575,,,
msd,AFO,0.75,3.5625,23,230,2.5,3,15,1104,115,690,,,
msd,AFO,0.75,3.5625,23,230,2.5,6,30,2208,115,690,,,
msd,AFO,0.75,3.5625,23,230,2.5,11,23,1104,115,690,,,
msd,AFO,0.75,3.5625,23,230,2.5,21,45,2208,115,690,,,
msd,AFO,0.75,3.5625,25,230,3,6,24,1380,138,828,,,
msd,AFO,0.75,3.5625,25,230,3.5,6,27,1380,138,943,,,
msd,AFO,0.75,3.5625,25,230,4,3,15,690,138,1058,,,
msd,AFO,0.75,3.5625,25,230,4,6,30,1380,138,1058,,,
msd,AFO,0.75,3.5625,25,230,4,11,23,690,138,1058,,,
msd,AFO,0.75,3.5625,25,230,4,23,45,1265,138,1058,,,
msd,AFC,0.5,2.8125,6,60,0.75,3,15,960,30,75,,,
msd,AFC,0.5,2.8125,6,60,0.75,6,30,1920,30,75,,,
msd,AFC,0.5,2.8125,6,60,0.75,11,23,960,30,75,,,
msd,AFC,0.5,2.8125,6,60,0.75,21,45,1920,30,75,,,
msd,AFC,0.5,2.8125,10,100,0.75,3,15,1600,50,125,,,
msd,AFC,0.5,2.8125,10,100,0.75,6,30,3200,50,125,,,
msd,AFC,0.5,2.8125,10,100,0.75,11,23,1600,50,125,,,
msd,AFC,0.5,2.8125,10,100,0.75,21,45,3200,50,125,,,
msd,AFC,0.5,2.8125,10,100,1.125,3,15,1067,50,163,,,
msd,AFC,0.5,2.8125,10,100,1.125,6,30,2133,50,163,,,
msd,AFC,0.5,2.8125,10,100,1.125,11,23,1067,50,163,,,
msd,AFC,0.5,2.8125,10,100,1.125,21,45,2133,50,163,,,
msd,AFC,0.75,3.5625,10,100,1.125,3,15,1067,50,163,,,
msd,AFC,0.75,3.5625,10,100,1.125,6,30,2133,50,163,,,
msd,AFC,0.75,3.5625,10,100,1.125,11,23,1067,50,163,,,
msd,AFC,0.75,3.5625,10,100,1.125,21,45,2133,50,163,,,
msd,AFC,0.75,3.5625,10,100,1.5,3,15,800,50,200,,,
msd,AFC,0.75,3.5625,10,100,1.5,6,30,1600,50,200,,,
msd,AFC,0.75,3.5625,10,100,1.5,11,23,800,50,200,,,
msd,AFC,0.75,3.5625,10,100,1.5,21,45,1600,50,200,,,
msd,AFC,0.5,2.8125,16,160,0.75,3,15,2560,80,200,,,
msd,AFC,0.5,2.8125,16,160,0.75,6,30,5120,80,200,,,
msd,AFC,0.5,2.8125,16,160,0.75,11,23,2560,80,200,,,
msd,AFC,0.5,2.8125,16,160,0.75,21,45,5120,80,200,,,
msd,AFC,0.75,3.5625,16,160,0.75,3,15,2560,80,200,,,
msd,AFC,0.75,3.5625,16,160,0.75,6,30,5120,80,200,,,
msd,AFC,0.75,3.5625,16,160,0.75,11,23,2560,80,200,,,
msd,AFC,0.75,3.5625,16,160,0.75,21,45,5120,80,200,,,
msd,AFC,0.5,2.8125,16,160,1.125,3,15,1707,80,260,,,
msd,AFC,0.5,2.8125,16,160,1.125,6,30,3413,80,260,,,
msd,AFC,0.5,2.8125,16,160,1.125,11,23,1707,80,260,,,
msd,AFC,0.5,2.8125,16,160,1.125,21,45,3413,80,260,,,
msd,AFC,0.75,3.5625,16,160,1.125,3,15,1707,80,260,,,
msd,AFC,0.75,3.5625,16,160,1.125,6,30,3413,80,260,,,
msd,AFC,0.75,3.5625,16,160,1.125,11,23,1707,80,260,,,
msd,AFC,0.75,3.5625,16,160,1.125,21,45,3413,80,260,,,
msd,AFC,0.75,3.5625,16,160,1.5,3,15,1280,80,320,,,
msd,AFC,0.75,3.5625,16,160,1.5,6,30,2560,80,320,,,
msd,AFC,0.75,3.5625,16,160,1.5,11,23,1280,80,320,,,
msd,AFC,0.75,3.5625,16,160,1.5,21,45,2560,80,320,,,
msd,AFC,0.75,3.5625,16,160,2,3,15,960,80,400,,,
msd,AFC,0.75,3.5625,16,160,2,6,30,1920,80,400,,,
msd,AFC,0.75,3.5625,16,160,2,11,23,960,80,400,,,
msd,AFC,0.75,3.5625,16,160,2,21,45,1920,80,400,,,
msd,AFC,0.75,3.5625,16,160,2.5,3,15,768,80,480,,,
msd,AFC,0.75,3.5625,16,160,2.5,6,30,1536,80,480,,,
msd,AFC,0.75,3.5625,16,160,2.5,11,23,768,80,480,,,
msd,AFC,0.75,3.5625,16,160,2.5,21,45,1536,80,480,,,
msd,AFC,0.75,3.5625,23,230,0.75,3,15,3680,115,287,,,
msd,AFC,0.75,3.5625,23,230,0.75,6,30,7360,115,287,,,
msd,AFC,0.75,3.5625,23,230,0.75,11,23,3680,115,287,,,
msd,AFC,0.75,3.5625,23,230,0.75,21,45,7360,115,287,,,
msd,AFC,0.75,3.5625,23,230,1.5,3,15,1840,115,460,,,
msd,AFC,0.75,3.5625,23,230,1.5,6,30,3680,115,460,,,
msd,AFC,0.75,3.5625,23,230,1.5,11,23,1840,115,460,,,
msd,AFC,0.75,3.5625,23,230,1.5,21,45,3680,115,460,,,
msd,AFC,0.75,3.5625,23,230,2,3,15,1380,115,575,,,
msd,AFC,0.75,3.5625,23,230,2,6,30,2760,115,575,,,
msd,AFC,0.75,3.5625,23,230,2,11,23,1380,115,575,,,
msd,AFC,0.75,3.5625,23,230,2,21,45,2760,115,575,,,
msd,AFC,0.75,3.5625,23,230,2.5,3,15,1104,115,690,,,
msd,AFC,0.75,3.5625,23,230,2.5,6,30,2208,115,690,,,
msd,AFC,0.75,3.5625,23,230,2.5,11,23,1104,115,690,,,
msd,AFC,0.75,3.5625,23,230,2.5,21,45,2208,115,690,,,
msd,AFC,0.75,3.5625,25,230,3,12,30,1380,138,828,,,
msd,AFC,0.75,3.5625,25,230,3,27,45,1380,138,828,,,
msd,AFC,0.75,3.5625,25,230,3.5,9,30,1380,138,943,,,
msd,AFC,0.75,3.5625,25,230,3.5,24,45,1380,138,943,,,
msd,AFC,0.75,3.5625,25,230,4,3,15,690,138,1058,,,
msd,AFC,0.75,3.5625,25,230,4,6,30,1380,138,1058,,,
msd,AFC,0.75,3.5625,25,230,4,11,23,690,138,1058,,,
msd,AFC,0.75,3.5625,25,230,4,21,45,1380,138,1058,,,
